H1386278;CA6
H701410;CA2
H811172;CA3
H811046;CA4
H728162;CA3
H701198;CA3
H701236;CA4
H701200;CA5
H701238;CA6
H891697;CA3
H1151613;CA7
H1213442;CA2
H1213276;CA2
H866208;CA4
H866358;CA5
H866310;CA6
H865985;CA2
H903199;CA1
H903193;CA2
H903194;CA3
H1380936;CA4
H1376207;CA5
H861477;CA3
H861470;CA3
H861430;CA4
H901825;CA3
H1376208;CA3
H901833;CA1
H1376209;CA2
H861419;CA3
H861418;CA4
H902683;CA4
H901900;CA3
H901922;CA4
H1368407;CA1
H861474;CA2
H861329;CA3
H1307635;CA1
H903125;CA2
H861416;CA3
H861476;CA4
H862093;CA1
H861834;CA2
H861874;CA3
H861903;CA4
H902082;CA1
H902101;CA2
H902170;CA3
H902171;CA4
H902100;CA5
H1372322;CA2
H272019;CA3
H862203;CA1
H862159;CA2
H902116;CA3
H902156;CA4
H903127;CA1
H902049;CA2
H902072;CA3
H902071;CA4
H903188;CA3
H903189;CA4
H1365427;CA1
H862384;CA2
H862436;CA3
H862438;CA6
H903160;CA4
H903132;CA5
H862380;CA4
H862267;CA1
H862488;CA2
H1152793;CA3
H1152797;CA1
H1152903;CA2
H1152713;CA1
H1152799;CA2
H1213399;CA2
H1213059;CA5
H1213412;CA2
H1213372;CA2
H1213150;CA2
H1213145;CA2
H1213278;CA4
H815445;CA4
H815447;CA1
H815419;CA2
H815416;CA3
H815409;CA1
H815442;CA2
H815352;CA1
H815446;CA2
H815328;CA3
H815412;CA2
H815415;CA3
H1386876;CA4
H815335;CA5
H815332;CA6
H815354;CA7
H815423;CA8
H815449;CA9
H815448;CA10
H815310;CA3
H817734;CA5
H817733;CA6
H817807;CA2
H817692;CA3
H1377045;CA4
H817696;CA5
H817805;CA3
H817687;CA5
H817661;CA6
H1368650;CA1
H1381123;CA2
H1381128;CA3
H1381124;CA4
H1381126;CA5
H1381125;CA6
H1381127;CA7
H818029;CA8
H817855;CA3
H817918;CA3
H817985;CA4
H1213417;CA2
H1213476;CA2
H1213253;CA2
H1213207;CA2
H1213446;CA2
H1213229;CA2
H1213353;CA2
H1213202;CA2
H1213163;CA2
H818072;CA4
H1001530;CA2
H1001993;CA5
H1007591;CA6
H799996;CA1
H799995;CA2
H799997;CA1
H799957;CA2
H1259798;CA1
H1259791;CA2
H1259746;CA3
H1259719;CA4
H1259858;CA5
H1259744;CA6
H1259801;CA7
H1259671;CA8
H1259796;CA9
H1259859;CA10
H1260542;CA3
H1260550;CA1
H1366427;CA2
H1243436;CA1
H1260519;CA2
H1260607;CA3
H1260545;CA4
H1260517;CA5
H1243440;CA6
H1151557;CA5
H813907;CA1
H1369540;CA2
H813916;CA1
H813958;CA2
H813858;CA1
H813859;CA2
H1336022;CA1
H818790;CA2
H818764;CA2
H818690;CA4
H817966;CA6
H819871;CA3
H819706;CA4
H819900;CA5
H819717;CA2
H819716;CA3
H1365320;CA3
H1260783;CA3
H1260784;CA4
H701015;CA7
H701040;CA8
H794879;CA3
H794499;CA2
H794571;CA2
H794458;CA3
H794813;CA3
H813932;CA2
H813933;CA3
H1368675;CA4
H814096;CA3
H814092;CA4
H814089;CA5
H813828;CA4
H813826;CA5
H813848;CA6
H814091;CA4
H1260251;CA1
H1260219;CA2
H1260183;CA3
H1260308;CA4
H1260257;CA5
H1260193;CA6
H1152375;CA9
H1244475;CA1
H1244476;CA2
H1260210;CA4
H1153375;CA3
H1153489;CA3
H1153540;CA4
H1153325;CA1
H1153501;CA2
H1153409;CA1
H1153410;CA2
H1153515;CA3
H1153516;CA4
H1153312;CA5
H1153423;CA5
H1151924;CA3
H1151821;CA5
H1151836;CA6
H1260224;CA1
H1260311;CA2
H1260250;CA3
H1260220;CA4
H1260180;CA5
H1260179;CA6
H1260221;CA7
H1260175;CA8
H1388944;CA1
H792470;CA2
H901228;CA1
H901105;CA2
H901102;CA3
H901136;CA4
H901198;CA5
H901229;CA6
H901113;CA4
H901141;CA5
H901230;CA2
H901201;CA3
H901137;CA4
H901207;CA2
H902924;CA4
H902923;CA5
H902922;CA6
H902921;CA7
H788318;CA1
H788378;CA2
H792259;CA3
H790230;CA1
H790174;CA2
H760782;CA6
H890854;CA1
H890824;CA2
H890978;CA3
H891021;CA4
H1213818;CA5
H955786;CA2
H955832;CA3
H955879;CA4
H955866;CA5
H956017;CA6
H955905;CA7
H955875;CA8
H955838;CA9
H955869;CA10
H1003628;CA5
H1003519;CA1
H1003631;CA2
H1251729;CA1
H1251694;CA2
H1251623;CA3
H1003505;CA1
H1251732;CA2
H1003507;CA1
H1251709;CA2
H1251733;CA3
H1003584;CA1
H1251735;CA2
H1003633;CA1
H1251705;CA2
H1251632;CA3
H1251634;CA3
H1251799;CA4
H1251713;CA4
H1251710;CA5
H1251644;CA6
H1251800;CA7
H1242983;CA8
H1366898;CA9
H1251635;CA2
H1251774;CA3
H1251739;CA4
H1251743;CA5
H1251740;CA6
H1251776;CA7
H1251640;CA8
H1251677;CA9
H1251676;CA10
H789432;CA3
H1003081;CA1
H1251780;CA2
H1003212;CA1
H1251778;CA2
H1251678;CA3
H1251781;CA5
H1251750;CA6
H1003146;CA3
H1003160;CA3
H1278623;CA8
H793390;CA1
H793439;CA2
H793686;CA2
H1251685;CA5
H1251651;CA3
H1251659;CA6
H1278577;CA1
H1278605;CA2
H1367929;CA3
H1278664;CA2
H1278665;CA3
H1278631;CA4
H1278610;CA5
H1278609;CA6
H1278608;CA7
H1278607;CA8
H1278601;CA9
H1278600;CA10
H891762;CA1
H891698;CA2
H754419;CA2
H866302;CA1
H866363;CA2
H869499;CA2
H869474;CA3
H869630;CA4
H869530;CA5
H869579;CA6
H869601;CA7
H869471;CA8
H869496;CA9
H869495;CA10
H960875;CA2
H903272;CA1
H892459;CA2
H892546;CA2
H892400;CA2
H892442;CA3
H960814;CA3
H960911;CA4
H903339;CA1
H903249;CA2
H903233;CA3
H955979;CA2
H955898;CA3
H163204;CA2
H955834;CA3
H903291;CA2
H903234;CA3
H955992;CA2
H955951;CA3
H1377787;CA4
H955833;CA1
H956007;CA2
H955955;CA2
H903300;CA3
H867513;CA2
H1385939;CA2
H903242;CA3
H903244;CA3
H903237;CA4
H903322;CA5
H867892;CA1
H867760;CA2
H903235;CA2
H960859;CA4
H869570;CA1
H868943;CA2
H892403;CA1
H892405;CA2
H867861;CA2
H790428;CA2
H790427;CA3
H868686;CA1
H868769;CA2
H868749;CA2
H868787;CA1
H891823;CA2
H961356;CA5
H765201;CA1
H765254;CA2
H765202;CA3
H1279068;CA2
H1279059;CA3
H1279058;CA4
H1260566;CA1
H1366579;CA2
H1260567;CA3
H814566;CA3
H791910;CA1
H1364874;CA2
H791975;CA3
H791962;CA3
H819863;CA3
H1365837;CA4
H1365862;CA4
H901188;CA2
H798049;CA3
H790480;CA1
H790371;CA2
H790219;CA3
H790447;CA1
H790476;CA2
H790364;CA3
H1377429;CA4
H1372201;CA2
H791736;CA3
H795997;CA1
H795898;CA2
H796020;CA1
H795964;CA2
H793278;CA2
H793279;CA3
H793309;CA4
H793275;CA1
H793320;CA2
H793321;CA3
H1377536;CA4
H793216;CA1
H793192;CA2
H793324;CA1
H793504;CA2
H793378;CA1
H793423;CA2
H1377528;CA3
H1377527;CA4
H1377537;CA4
H793207;CA1
H793218;CA2
H793142;CA4
H793199;CA4
H793262;CA3
H793674;CA4
TEL_6232071412;CA1
TEL_6232641684;CA2
H793388;CA4
H793467;CA3
H793404;CA4
H793361;CA5
H793567;CA3
H793399;CA1
H793432;CA2
H793443;CA3
H793187;CA3
H814372;CA2
H891534;CA1
H1380015;CA2
H792917;CA1
H793092;CA2
H792914;CA3
H792981;CA4
H792980;CA5
H1003546;CA1
H1003495;CA2
H1003503;CA3
TEL_6232647136;CA1
TEL_6232042589;CA2
TEL_6232100073;CA1
TEL_6232922528;CA2
TEL_6232922621;CA3
TEL_6232073152;CA1
TEL_6232073421;CA2
H789722;CA2
H789663;CA5
H791340;CA1
H791290;CA2
H791284;CA1
H791337;CA2
H792440;CA1
H792287;CA2
H792248;CA3
H765346;CA3
H790193;CA1
H790310;CA2
H790250;CA4
H790245;CA4
H790236;CA5
H1380884;CA4
H820792;CA2
H820750;CA3
H820703;CA4
H820665;CA2
H820780;CA1
H820760;CA2
H820657;CA3
H820683;CA4
H820682;CA5
H820656;CA6
H820628;CA2
H1366667;CA4
H791213;CA1
H791060;CA2
H765244;CA3
H791037;CA4
H791023;CA3
H791258;CA4
H791191;CA5
H791207;CA1
H1380266;CA2
H791035;CA3
H791094;CA4
H1336853;CA2
H1336720;CA3
H791262;CA4
H765138;CA3
H765147;CA1
H765146;CA2
H791057;CA6
H903165;CA3
H903138;CA2
H903140;CA1
H903182;CA2
H1338444;CA3
H891580;CA1
H891581;CA2
H891649;CA1
H891590;CA2
H765418;CA1
H1380513;CA2
H765424;CA3
H1380514;CA4
H729577;CA3
H729411;CA3
H729382;CA4
H729676;CA3
H727136;CA2
H791629;CA1
H1336753;CA2
H788478;CA3
H788427;CA5
H788481;CA3
H788322;CA4
H788504;CA3
H788340;CA1
H788367;CA2
H788440;CA3
H788474;CA4
H788473;CA5
H788443;CA6
H788390;CA7
H788484;CA8
H788332;CA9
H788371;CA10
H788505;CA2
H789657;CA4
H1336780;CA2
H790289;CA5
H790275;CA6
H790283;CA2
TEL_6232071314;CA1
TEL_6232077565;CA2
H792993;CA3
H793053;CA3
H792759;CA4
H728909;CA4
H728974;CA5
H729022;CA6
H728971;CA3
H1150888;CA6
H1151367;CA1
H799961;CA2
H1001451;CA4
H1001540;CA8
H1001588;CA1
H1001587;CA2
H1001608;CA3
H1259747;CA1
H1259667;CA2
H1001675;CA4
H1001672;CA3
H1002028;CA1
H1001931;CA2
H1002000;CA4
H1007590;CA2
H1260292;CA3
H1260233;CA1
H765399;CA2
H765400;CA3
H727712;CA4
H727541;CA3
H727601;CA3
TEL_6232061456;CA1
TEL_6232804078;CA2
H792223;CA2
H813875;CA1
H813876;CA2
H814427;CA1
H814677;CA2
H814636;CA3
H814716;CA3
H814797;CA4
H814798;CA5
H814711;CA6
H1369607;CA1
H1370916;CA2
H814405;CA3
H1369360;CA4
H814713;CA5
H814673;CA6
H814626;CA7
H814621;CA8
H814631;CA3
H814564;CA1
H814676;CA2
H814802;CA2
H814705;CA3
H814681;CA4
H814707;CA5
H955090;CA1
H1336518;CA2
H955012;CA1
H955081;CA2
H727323;CA2
H727434;CA3
H727721;CA6
H727513;CA5
H727512;CA6
H728465;CA1
H728462;CA2
H1364852;CA3
H728499;CA4
H728501;CA5
H728584;CA6
H728608;CA7
H728607;CA8
H728583;CA9
H728477;CA10
H727353;CA4
H1001908;CA3
H1001959;CA1
H1002012;CA2
H1002011;CA3
H1001960;CA4
H789643;CA1
H789564;CA2
H789694;CA3
H765155;CA3
H765169;CA1
H765168;CA2
H765157;CA3
H791613;CA1
H791727;CA2
H795093;CA3
H795032;CA4
H796860;CA3
H794987;CA2
H794985;CA3
H794955;CA1
H795104;CA2
H795033;CA3
H794931;CA3
H794939;CA1
H795098;CA2
H1337812;CA3
H795101;CA3
H795102;CA3
H796668;CA3
H796828;CA4
H1376264;CA5
H796746;CA1
H796712;CA2
H796708;CA3
H796797;CA4
H796883;CA1
H796884;CA2
H796778;CA3
H796781;CA4
H796697;CA1
H1376265;CA2
H796754;CA1
H796675;CA2
H796857;CA1
H796773;CA2
H796689;CA3
H796758;CA4
H796788;CA5
H1338896;CA2
H1001333;CA3
H1001286;CA2
H1001156;CA1
H1001150;CA2
H1001151;CA3
H1001107;CA4
H1001233;CA5
H1251603;CA4
H797986;CA2
H797987;CA3
H901995;CA3
H816050;CA1
H815921;CA2
H815930;CA3
H816002;CA4
H791650;CA2
H791592;CA3
H791741;CA1
H791669;CA2
H791588;CA3
H814070;CA5
H814000;CA6
H814173;CA3
H700851;CA3
H1336404;CA1
H1336395;CA2
H727940;CA3
TEL_6232062689;CA1
TEL_6232648460;CA2
H1255489;CA1
H1255488;CA2
H1255484;CA3
H1255482;CA4
H1255523;CA5
H1255589;CA6
H1255636;CA7
H1255635;CA8
H1255586;CA9
H1255634;CA10
H1255590;CA1
H1255579;CA2
H1255615;CA3
H1255595;CA4
H1255667;CA5
H1255474;CA1
H1255517;CA2
H1255560;CA3
H1255571;CA4
H1255483;CA5
H1255668;CA6
H1255600;CA7
H1255658;CA8
H1255505;CA9
H1255549;CA10
H961180;CA1
H960953;CA2
H961020;CA3
H1259896;CA1
H1259807;CA2
H1259805;CA3
H1255504;CA2
H1255677;CA1
H1255543;CA2
H1255597;CA2
H816007;CA2
H816006;CA3
H815931;CA4
H816132;CA5
H816075;CA6
H816072;CA7
H816102;CA8
H815920;CA9
H815968;CA10
H816008;CA1
H815967;CA2
H815918;CA3
H816101;CA4
H816071;CA5
H816068;CA6
H816100;CA7
H815935;CA8
H815236;CA3
H815203;CA4
H815945;CA2
H815962;CA3
H816012;CA4
H815944;CA5
H816089;CA6
H816047;CA7
H816044;CA8
H816088;CA9
H816013;CA10
H902055;CA5
H903122;CA1
H902001;CA2
H954130;CA1
H954116;CA2
H1150777;CA2
H954255;CA2
H954232;CA1
H954185;CA2
H891072;CA1
H891180;CA2
H766310;CA3
H954663;CA1
H954525;CA2
H961590;CA3
H891196;CA1
H891142;CA2
H891195;CA3
H891103;CA1
H891176;CA2
H891212;CA3
H891177;CA4
H891213;CA5
H891077;CA6
H891169;CA4
H891099;CA5
H891207;CA2
H891095;CA3
H961471;CA2
H961582;CA4
H1337763;CA1
H961131;CA2
H961068;CA3
H961266;CA3
H961242;CA1
H961268;CA2
H961375;CA3
H961076;CA1
H961135;CA3
H819546;CA3
H819629;CA4
H819478;CA1
H819624;CA2
H819603;CA1
H819570;CA2
H819569;CA3
H819604;CA4
H819544;CA2
H819587;CA1
H819571;CA2
H819568;CA2
H815465;CA2
H815711;CA2
H919876;CA4
H815051;CA2
H815105;CA3
H961616;CA2
H815155;CA1
H815689;CA2
H815971;CA2
H815947;CA2
H819487;CA4
H819483;CA1
H819559;CA2
H819510;CA3
H819477;CA4
H819489;CA1
H819628;CA2
H819615;CA4
H819554;CA5
H819472;CA6
H819516;CA7
H819553;CA8
H819614;CA9
H794331;CA1
H794299;CA2
H795914;CA1
H795801;CA2
H795913;CA3
H795936;CA2
H961464;CA3
H961486;CA1
H961450;CA2
H961599;CA3
H961566;CA4
H961517;CA3
H816214;CA5
H1364986;CA3
H798731;CA1
H1385852;CA2
H798764;CA1
H798806;CA2
H727939;CA2
H727881;CA1
H727936;CA2
H1369175;CA1
H728037;CA2
H796826;CA1
H796855;CA2
H796854;CA3
H796825;CA4
H795029;CA2
H795014;CA1
H795011;CA2
H795083;CA1
H799639;CA2
H796809;CA3
H796845;CA4
H797804;CA2
H797821;CA3
H797891;CA4
H1001341;CA6
H1001315;CA1
H1001272;CA2
H1001256;CA3
H1001336;CA4
H1260817;CA3
H1260800;CA1
H1260646;CA2
H1260766;CA3
H1260801;CA5
H1260767;CA3
H1260735;CA3
H798034;CA1
H798111;CA2
H891958;CA1
H891959;CA2
H891460;CA1
H891633;CA2
H1366687;CA3
H759052;CA4
H761735;CA1
H789011;CA2
H788982;CA3
H816730;CA2
H816732;CA3
H816673;CA4
H765319;CA2
H765318;CA3
H761923;CA3
H761921;CA2
H761881;CA3
H761878;CA4
H761920;CA3
H761077;CA3
H765272;CA2
H816654;CA2
H816655;CA3
H816576;CA4
H816717;CA5
H789498;CA4
H793762;CA1
H1365612;CA2
H793772;CA1
H793747;CA2
H793745;CA3
H793773;CA4
H793637;CA5
H793649;CA3
H764983;CA2
H764984;CA3
H764992;CA4
H761354;CA5
H761349;CA6
H761445;CA7
H761419;CA8
H787464;CA1
H787499;CA2
H787463;CA3
H761650;CA3
H1370699;CA1
H789417;CA2
H789494;CA3
H762041;CA1
H762002;CA2
H1377603;CA1
H789236;CA2
H763616;CA3
H763763;CA2
H763556;CA2
H965592;CA1
H763778;CA2
H1377104;CA3
H763651;CA3
H763764;CA2
H1364796;CA2
H789206;CA1
H762013;CA3
H761951;CA1
H1385254;CA2
H761394;CA2
H1376840;CA2
H761901;CA1
H761964;CA2
H761108;CA2
H762001;CA2
H761999;CA3
H761928;CA2
H761029;CA1
H761094;CA2
H728497;CA3
H794227;CA1
H797261;CA2
H794191;CA1
H794135;CA2
H761114;CA3
H761174;CA4
H761622;CA2
H761562;CA3
H1379050;CA4
H761558;CA2
H761543;CA3
H761522;CA1
H761501;CA2
H816845;CA4
H817039;CA2
H811464;CA3
H811455;CA1
H811382;CA2
H811312;CA2
H811368;CA3
H811381;CA3
H811379;CA1
H811372;CA2
H761497;CA3
H761509;CA1
H761581;CA2
H761472;CA3
H816592;CA1
H816687;CA2
H816681;CA1
H816688;CA2
H765197;CA1
H765229;CA2
H765260;CA3
H765230;CA4
H761603;CA1
H761604;CA2
H761506;CA1
H761467;CA2
H761568;CA3
H816643;CA1
H816642;CA2
H816837;CA3
H794089;CA2
H794090;CA3
H794042;CA4
H797248;CA5
H797170;CA1
H1376598;CA2
H816609;CA2
H761422;CA4
H813498;CA2
H811355;CA1
H1375013;CA2
H811369;CA1
H811448;CA2
H811383;CA3
H811336;CA1
H811349;CA2
H811400;CA1
H811330;CA2
H811352;CA1
H811263;CA2
H811440;CA1
H1374870;CA2
H813241;CA1
H813240;CA2
H813206;CA3
H813202;CA1
H813139;CA2
H813109;CA1
H813138;CA2
H813186;CA1
H813100;CA2
H1366474;CA1
H813156;CA2
H813104;CA1
H813276;CA2
H813151;CA1
H813181;CA2
H813110;CA1
H813157;CA2
H813238;CA1
H813199;CA2
H813134;CA1
H813236;CA2
H813106;CA1
H813132;CA2
H813098;CA1
H813136;CA2
H813239;CA1
H813131;CA2
H813227;CA1
H813179;CA2
H813258;CA1
H813083;CA2
H813218;CA1
H813256;CA2
H813184;CA1
H813123;CA2
H813182;CA1
H813082;CA2
H813189;CA1
H813232;CA2
H813231;CA1
H813188;CA2
H813233;CA1
H813091;CA2
H813094;CA1
H813191;CA2
H813185;CA1
H813129;CA2
H765301;CA1
H765300;CA2
H765285;CA2
H761725;CA1
H761676;CA2
H759482;CA1
H759581;CA2
H788936;CA2
H789102;CA2
H788934;CA3
H789105;CA4
H788984;CA3
H759493;CA1
H759391;CA2
H763623;CA1
H763688;CA2
H760563;CA1
H1364883;CA2
H793462;CA4
H793523;CA1
H793355;CA2
H793410;CA3
H793407;CA3
H789460;CA4
H789511;CA3
H789350;CA3
H1367844;CA1
H789515;CA2
H789349;CA4
H787527;CA1
H787573;CA2
H787712;CA2
H787682;CA3
H787602;CA4
H787564;CA5
H787563;CA6
H787601;CA7
H787679;CA8
H787711;CA9
H787710;CA10
H788927;CA2
H813200;CA1
H1366793;CA2
H813149;CA1
H813108;CA2
H813150;CA1
H813107;CA2
H813265;CA1
H813201;CA2
H813294;CA1
H813330;CA2
H813190;CA1
H813272;CA2
H813187;CA1
H813273;CA2
TEL_6232031179;CA1
TEL_6232648313;CA2
H789411;CA3
H789480;CA2
H1150800;CA2
TEL_6232641496;CA1
TEL_6232644600;CA2
H795515;CA2
H729767;CA3
H795692;CA2
H1382548;CA3
H795670;CA4
H797802;CA3
H795596;CA6
H729043;CA2
H1385291;CA6
H892209;CA2
H1259825;CA1
H1259815;CA2
H1259793;CA4
H1259828;CA5
H1259888;CA1
H1259819;CA2
H1259894;CA3
H1001589;CA1
H1001491;CA2
H1001457;CA3
H1001093;CA2
H1001228;CA3
H1001197;CA1
H1001166;CA2
H1001199;CA3
H1001117;CA4
H811061;CA3
TEL_6232070526;CA1
TEL_6232073639;CA2
H789577;CA2
H791997;CA3
H789711;CA3
H789716;CA6
H792147;CA2
H792005;CA3
H792041;CA3
H792229;CA1
H792015;CA2
H792077;CA3
H792101;CA4
H792303;CA4
H792372;CA2
H791013;CA2
H791226;CA4
H791172;CA1
H791176;CA2
H791236;CA5
H791092;CA1
H791041;CA2
H791050;CA1
H791218;CA2
H789844;CA6
H789869;CA6
H789885;CA3
H789682;CA3
H789644;CA4
H789847;CA3
H1259945;CA4
H701182;CA2
H701004;CA2
H728106;CA3
H1371920;CA4
H728107;CA5
H728228;CA2
H728214;CA3
H728183;CA4
H728074;CA5
H728024;CA6
H728031;CA7
H728108;CA8
H728157;CA9
H728227;CA10
H1274697;CA3
H792826;CA6
TEL_6232042554;CA1
TEL_6232061249;CA2
H792004;CA3
H792178;CA3
H791332;CA1
H791512;CA2
H791439;CA3
H791320;CA4
H791397;CA4
H791422;CA2
H792196;CA2
H792155;CA3
H1233604;CA5
H1233504;CA3
H1233590;CA1
H1377015;CA2
H1233635;CA2
H1233488;CA3
H1234963;CA2
H1234861;CA1
H1234785;CA2
H1234932;CA3
H1213159;CA2
H1213345;CA2
H1213469;CA2
H1213352;CA2
H1212964;CA4
H1212893;CA4
H1151715;CA1
H1152622;CA2
H1213386;CA2
H1213488;CA2
H1213171;CA2
H1213322;CA2
H1213269;CA2
H1213472;CA2
H1213336;CA2
H1213366;CA2
H1213176;CA2
H1213324;CA2
H1213411;CA2
H1213218;CA2
H1213498;CA2
H1213429;CA4
H1234853;CA1
H1234940;CA2
H1152403;CA1
H1152474;CA2
H1228953;CA5
H1233988;CA2
H1152392;CA2
H1152788;CA1
H1152885;CA2
H1152839;CA1
H1152735;CA2
H1152736;CA3
H1152786;CA1
H1152795;CA2
H1152789;CA1
H1152792;CA2
H1152886;CA1
H1152725;CA2
H1152761;CA3
H1152723;CA1
H1152762;CA2
H1152731;CA4
H1151695;CA1
H1151636;CA2
H1151602;CA3
H1151637;CA4
H1151607;CA5
H1151608;CA6
H1151638;CA7
H1151696;CA8
H1151976;CA2
H1151951;CA1
H1151977;CA2
H1151853;CA3
H1151791;CA4
H1109777;CA2
H1109779;CA2
H1152282;CA3
H891476;CA4
H891568;CA2
H891571;CA3
H891616;CA4
H891474;CA5
H891512;CA6
H891511;CA7
H891473;CA8
H891615;CA9
H891569;CA10
H903169;CA2
H701371;CA2
H701384;CA10
H701515;CA4
H701420;CA4
H701562;CA3
H701563;CA4
H701485;CA5
H1153347;CA1
H1153538;CA2
H1157596;CA3
H1153406;CA1
H1153478;CA2
H1153351;CA1
H1153396;CA2
H1153373;CA1
H1153330;CA2
H787728;CA3
H1375447;CA1
H787667;CA2
H787666;CA3
H787581;CA4
H787734;CA5
H1375340;CA3
H787529;CA1
H787613;CA2
H1003115;CA1
H1003153;CA2
H1389108;CA1
H1377935;CA2
H1389972;CA1
H1003113;CA2
H1003112;CA3
H1003174;CA3
H1003220;CA4
H1377933;CA5
H1389314;CA1
H1003218;CA2
H1003219;CA3
H1003176;CA4
H1003210;CA5
H1003179;CA2
H1003222;CA1
H1003106;CA2
H1003184;CA1
H1003137;CA2
H1003124;CA3
H1377929;CA3
H1003095;CA3
H1003109;CA4
H1003096;CA3
H1377931;CA3
H819773;CA1
H819772;CA2
H819774;CA3
H819748;CA4
H819810;CA1
H819914;CA2
TEL_6232072064;CA1
TEL_6232641502;CA2
H799861;CA2
H799860;CA3
H799859;CA4
H799858;CA5
H799857;CA6
H799856;CA7
H799855;CA8
H799854;CA9
H799853;CA10
H796575;CA3
H700477;CA1
H700513;CA2
H700546;CA3
H700559;CA4
H700497;CA5
H700458;CA6
H700657;CA2
H700658;CA3
H1308157;CA1
H820676;CA2
H820773;CA3
H1365702;CA3
H812734;CA2
H812826;CA2
H812899;CA2
H812845;CA1
H812724;CA2
H792964;CA1
H793046;CA2
H793043;CA3
H794259;CA2
H791890;CA2
H791845;CA4
H791848;CA4
H791905;CA3
H791906;CA3
H1157608;CA5
H1153196;CA2
H1153264;CA3
H1153258;CA4
H1153210;CA5
H1153288;CA6
H1153214;CA7
H1153133;CA8
H1153081;CA9
H1153089;CA10
H1151216;CA6
H1151202;CA3
H1151184;CA2
H1151307;CA3
H1151334;CA4
H1151386;CA5
H1151305;CA6
H1151333;CA7
H1151270;CA8
H1151244;CA9
H1151162;CA10
H1308264;CA1
H1308323;CA2
H1308243;CA3
H795531;CA2
H795729;CA1
H795625;CA2
H868422;CA4
H868394;CA5
H789777;CA2
H789868;CA3
H789957;CA4
H794498;CA3
H955538;CA2
H955581;CA3
H955534;CA4
H955476;CA5
H955438;CA6
H955454;CA7
H955404;CA8
H955455;CA9
H955401;CA10
H814030;CA3
H815080;CA3
H815225;CA1
H815182;CA2
H815226;CA3
H815070;CA4
H1364642;CA3
H794963;CA3
H1369807;CA1
H728137;CA2
H728241;CA1
H728240;CA2
H728013;CA2
H728044;CA3
H728116;CA4
H728167;CA5
H728205;CA6
H728040;CA4
H728069;CA3
H797464;CA2
H796533;CA3
H1376502;CA3
H796839;CA3
H796724;CA4
H796726;CA5
H788442;CA3
H788467;CA4
H796786;CA4
H891360;CA3
H891359;CA4
H891457;CA5
H902819;CA2
H902815;CA3
H902816;CA4
H902840;CA5
H902681;CA2
H902785;CA3
H1151302;CA1
H1151200;CA2
H1151271;CA3
H727761;CA3
H727932;CA4
H1336351;CA4
H815359;CA4
H815394;CA2
H815476;CA3
H815393;CA4
H815477;CA5
H815892;CA3
H815301;CA3
H816016;CA3
H815950;CA3
H816130;CA1
H816131;CA2
H816021;CA3
H815927;CA2
H816081;CA3
H816080;CA4
H815438;CA3
H791162;CA3
H791224;CA4
H791015;CA5
H791038;CA1
H791093;CA2
H791243;CA3
H727416;CA2
H727352;CA3
H1378183;CA2
H728566;CA1
H728488;CA2
H728565;CA3
H728439;CA2
H728615;CA3
H728428;CA3
H728571;CA2
H789900;CA2
H727307;CA1
H727349;CA2
H727435;CA2
H730494;CA2
H727394;CA3
H729468;CA4
H729457;CA3
H798144;CA2
H815134;CA2
H815252;CA1
H815198;CA2
H815143;CA3
H815086;CA4
H815087;CA5
H794340;CA3
H794389;CA1
H794296;CA2
H794384;CA3
H794293;CA4
H1279106;CA1
H1279039;CA2
H892016;CA3
H892035;CA2
H1371209;CA3
H796119;CA2
H796209;CA2
H797032;CA1
H797031;CA2
H1371551;CA2
H1368776;CA3
H701276;CA4
H700915;CA1
H700916;CA2
H700966;CA3
H700959;CA4
H701122;CA1
H701149;CA2
H701265;CA3
H1007586;CA2
H1372079;CA1
H891064;CA2
H891096;CA3
H798229;CA1
H797469;CA2
H795019;CA3
H797098;CA2
H1259731;CA2
H1259834;CA3
H1259879;CA4
H1259877;CA5
H1379164;CA6
H1259730;CA7
H1259690;CA8
H1259840;CA9
H1259778;CA10
H1150958;CA2
H1150829;CA3
H1150764;CA4
H1150862;CA5
H1150832;CA6
H1150863;CA7
H1150765;CA8
H1151024;CA9
H1150934;CA10
H1381152;CA2
H1151250;CA3
H1151293;CA4
H1151252;CA5
H1151253;CA6
H1151340;CA7
H1151324;CA8
H1151379;CA9
H1151227;CA10
H1259781;CA3
H700713;CA3
H797426;CA3
H901253;CA1
H901206;CA2
H901159;CA3
H901123;CA4
H901124;CA5
H901158;CA6
H1251888;CA2
H1251892;CA3
H1251891;CA4
H1251890;CA5
H1251859;CA6
H1251860;CA7
H1251861;CA8
H1251862;CA9
H1251889;CA10
H701346;CA3
H701367;CA5
H701416;CA6
H727780;CA3
H727944;CA1
H727871;CA2
H727867;CA3
H791578;CA2
H901868;CA3
H901831;CA4
H1150884;CA3
H1150915;CA4
H1151066;CA5
H1151042;CA5
H818593;CA4
H818789;CA5
H818730;CA6
H790837;CA1
H790873;CA2
H790024;CA6
H790260;CA1
H790202;CA2
H790185;CA3
H728589;CA2
H728481;CA2
H890788;CA3
H795504;CA2
H795501;CA2
H795548;CA3
H797853;CA4
H797796;CA5
H797741;CA6
H818538;CA3
H820417;CA2
H820361;CA3
H820419;CA3
H820369;CA4
H820431;CA3
H820482;CA3
H820355;CA2
H820341;CA3
H820364;CA3
H820499;CA2
H813643;CA6
H813578;CA1
H813613;CA2
H813556;CA2
H813553;CA3
H813601;CA4
H813703;CA5
H813768;CA6
H813716;CA7
H1366916;CA8
H813705;CA9
H813769;CA10
H813546;CA2
H813771;CA3
H813657;CA4
H813707;CA5
H813770;CA6
H813654;CA7
H813714;CA8
H813549;CA9
H813598;CA10
H1366923;CA3
H861968;CA3
H862000;CA4
H861999;CA5
H861901;CA2
H861307;CA3
H861439;CA3
H861462;CA4
H861407;CA2
H861436;CA4
H861434;CA4
H861383;CA5
H861308;CA6
H861542;CA4
H861688;CA5
H861656;CA6
H861624;CA1
H861711;CA2
H820032;CA4
H820075;CA1
H820061;CA2
H860133;CA4
H860199;CA5
H860200;CA6
H860136;CA3
H860135;CA4
H860770;CA1
H860694;CA2
H860693;CA1
H860734;CA2
H860806;CA1
H860786;CA2
H819065;CA4
H819061;CA3
H818381;CA2
H891259;CA2
H796922;CA2
H798458;CA2
H813339;CA4
H813479;CA2
H813384;CA1
H813385;CA2
H813322;CA3
H813374;CA6
H813307;CA1
H816307;CA2
H813310;CA2
H817709;CA2
H701229;CA3
H796716;CA1
H796744;CA2
H796772;CA3
H797096;CA3
H795434;CA1
H795494;CA2
H795380;CA1
H795333;CA2
H795331;CA3
H795379;CA4
H797814;CA4
H789458;CA2
H818008;CA3
H818009;CA4
H817977;CA1
H818010;CA2
H817976;CA3
H817897;CA4
H817920;CA5
H818011;CA6
H818028;CA3
H727293;CA6
H727405;CA6
H727404;CA6
H728627;CA5
H727369;CA2
H727296;CA2
H728503;CA1
H728502;CA2
H728472;CA3
H648533;CA4
H728537;CA1
H728475;CA2
H728636;CA3
H728609;CA4
H1001375;CA3
H1001269;CA2
H1001412;CA3
H1260714;CA5
H1260753;CA6
H1260830;CA3
H1260831;CA4
H1260752;CA3
H1260632;CA1
H1260682;CA2
H1260823;CA1
H1260822;CA2
H1260768;CA3
H1260715;CA4
H1336599;CA3
H818604;CA3
H817694;CA2
H817843;CA1
H817924;CA2
H817866;CA3
H817912;CA4
H817968;CA1
H818031;CA2
H817876;CA3
H817906;CA4
H817905;CA5
H817835;CA6
H818030;CA7
H817969;CA8
H817928;CA4
H815780;CA3
H815805;CA4
H1287006;CA2
H902468;CA2
H902447;CA2
H902441;CA3
H811140;CA3
H811166;CA4
H1153539;CA1
H1153344;CA2
H1153470;CA3
H1152162;CA3
H859910;CA1
H859943;CA2
H903075;CA1
H903076;CA2
H903077;CA1
H903046;CA2
H1365523;CA3
H901469;CA1
H901454;CA2
H1152180;CA3
H1152146;CA4
H1152240;CA1
H1152194;CA2
H1152226;CA3
H1251726;CA2
H1251700;CA3
H1251653;CA4
H1251637;CA5
H1251719;CA6
H1251695;CA7
H1251671;CA8
H1251819;CA9
H1251727;CA10
H788407;CA1
H788491;CA2
H788401;CA1
H788400;CA2
H788496;CA3
H792552;CA3
H792642;CA4
H792527;CA2
H792555;CA1
H792637;CA2
H792558;CA3
H792545;CA2
H1365051;CA3
H792698;CA2
H792697;CA3
H792757;CA2
H792881;CA3
H792758;CA4
H792689;CA1
H792690;CA2
H792761;CA3
H793064;CA4
H792768;CA4
H792859;CA3
H1001099;CA5
H760804;CA3
H787423;CA3
H752755;CA3
H728570;CA1
H728531;CA2
H1153530;CA1
H1153311;CA2
H1258869;CA1
H1247607;CA2
H868340;CA2
H961039;CA4
H961024;CA1
H960963;CA2
H790434;CA1
H790470;CA2
H790350;CA3
H790378;CA4
H790437;CA5
H790375;CA4
H1151048;CA1
H1151017;CA2
H1150925;CA1
H1150860;CA2
H1150761;CA3
H1150720;CA4
H1150820;CA5
H1151029;CA2
H729454;CA3
H729545;CA3
H790908;CA1
H791000;CA2
H790909;CA3
H790902;CA2
H790467;CA3
H765359;CA1
H765388;CA2
H765325;CA3
H765327;CA4
H765328;CA5
H765358;CA6
H765383;CA1
H765331;CA2
H765384;CA3
H790832;CA3
H790907;CA1
H790945;CA2
H790982;CA3
H790806;CA4
H790954;CA5
H760925;CA1
H1364686;CA2
H1386185;CA4
H788291;CA3
H760922;CA3
H792848;CA1
H792808;CA2
H1364645;CA3
H866479;CA3
H862285;CA1
H862435;CA2
H862382;CA3
H862346;CA4
H903163;CA2
H902136;CA2
H903164;CA3
H903151;CA3
H1365800;CA4
H862358;CA3
H866374;CA1
H866373;CA2
H866442;CA3
H797527;CA2
H814606;CA3
H814644;CA3
H814702;CA4
H817275;CA3
H817378;CA2
H812280;CA2
H812216;CA3
H865487;CA3
H1377057;CA3
H865540;CA4
H865625;CA1
H865557;CA2
H865447;CA5
H865589;CA1
H865537;CA2
H865472;CA3
H865538;CA4
H866419;CA5
H866432;CA6
H865477;CA4
H865528;CA3
H865594;CA6
H865452;CA3
H796093;CA3
H796173;CA6
H796287;CA2
H1376532;CA3
H796108;CA3
H796178;CA6
H796115;CA2
H796200;CA3
H817907;CA1
H817824;CA2
H794277;CA2
H794286;CA3
H792674;CA2
H792778;CA2
H813676;CA3
H861322;CA4
H861420;CA4
H861414;CA9
H861354;CA3
